contractor_id,employee_number,user_id,vendor_id,vendor_manager_id,role,status,tickets_completed,tickets_open,biometric_enrolled,is_onboarded,is_subcontractor,is_fte,is_licensed,is_insured,is_certified,average_rating,years_experience,background_check_id,preferred_job_types,drug_test_id,created_at,updated_at,created_by,updated_by
18825673-ad9e-40b7-ac0d-698b8d97e16e,EMP3087,5fafefc7-dd4f-43fa-8075-67bba597dd45,ad31d7e7-9a34-4eb1-8030-317d6d9d1a4d,8ac13cb9-62bf-44aa-92ea-01cd7cb0e1e9,MANAGER,ACTIVE,17,40,True,True,False,False,False,False,False,3.38,28,aa9f8d52-6525-479c-9dcb-27cd689f3cf6,"[""Surveyor, commercial/residential"", ""Actuary""]",34b50198-89f5-46cc-b013-bdb83fd9a299,2026-02-14T05:38:53.837162,2026-04-12T23:49:46.096510,85176719-918f-40e6-a366-d5afc6f1510a,b604209f-2a35-44d5-89ee-ce1ae2b2f3e6
a0701973-7ba8-4b8a-8c72-fd5d2d07e2a9,EMP3782,79708746-819e-40b2-a84f-5e536d563e8e,f1c4b27c-6e22-48a1-a23c-8d646460dcc9,83245867-fde8-47ad-b9af-3b80a39b53ec,USER,ACTIVE,16,19,True,True,False,False,True,True,False,2.16,23,64376356-8b4c-41cb-b21d-14304a18b9b2,"[""Lecturer, higher education"", ""Financial adviser""]",fce45db2-f854-4642-9c7d-97e6175a60f6,2025-09-20T00:37:04.467214,2026-04-12T23:49:46.096581,26fcf216-08df-42be-b692-12446f85d92d,0ac85ecb-0e78-4d3e-806a-01ed4aaf145f
fbc82ac2-9e0d-4fbc-8b6d-be78f5b095a1,EMP2688,85bdd41e-b03f-4e05-aead-d7cf57039069,3dd270ee-41ef-47ed-98c8-22b2af21b4aa,e515e3c6-045a-4860-8148-1cfe80fab5f0,USER,ACTIVE,7,31,False,True,False,True,False,True,False,4.47,28,42846d9c-7b19-4700-aa10-9a005511d101,"[""Research scientist (maths)"", ""Advice worker""]",f3485060-54cf-4cdb-9327-c8c2c50b3e79,2025-07-26T16:44:42.270883,2026-04-12T23:49:46.096626,21cd3bf9-b3e7-4280-8cb1-b6fb6ec9138c,837392fa-a37c-4e46-b705-fbb83b874b5f
ac52cc85-59cc-4c09-970f-81dde06b2e5b,EMP1557,ad6ab1e8-c317-4aac-804f-2fa6cc65c4b7,4c23bea9-bb9e-4064-83d9-a54f94a01185,708822ca-1b5c-4078-9c1f-5e5a0f2dec6c,MANAGER,INACTIVE,10,33,False,True,False,False,False,False,True,1.74,17,bfd79df9-431f-4685-9255-ff534bf657bd,"[""Sound technician, broadcasting/film/video"", ""Chief Technology Officer""]",7d689f12-2198-4450-8ad9-cd1dae74daca,2025-07-07T13:27:07.940724,2026-04-12T23:49:46.096666,b604209f-2a35-44d5-89ee-ce1ae2b2f3e6,99fd560b-fc5e-467f-85e3-e8dd2ae4e750
33809e0b-87fa-488d-8c5b-525d244be3bc,EMP7314,92122dc5-386d-498d-aed5-18637e1155ef,3dd270ee-41ef-47ed-98c8-22b2af21b4aa,6e3ed693-ee8a-48f4-8cc8-15facea897c7,MANAGER,INACTIVE,15,22,False,False,False,False,True,True,False,4.52,14,6b40bcfd-b89e-4cdf-bcc6-4e3ad469d584,"[""Diplomatic Services operational officer"", ""Communications engineer""]",ec8cde20-8e45-4735-b4a9-383b6450ba76,2026-02-13T19:43:10.273683,2026-04-12T23:49:46.096707,17f72a6e-2738-4cd4-baff-b7fa223df4d2,fabde931-a7f2-43ef-adb3-55ebf74ee419
4fa8e292-357a-4b5a-983e-1c88e196fa3b,EMP5624,e496a98e-23cc-4259-892c-0742ac85d5fd,ad31d7e7-9a34-4eb1-8030-317d6d9d1a4d,ba0daf88-fc85-4871-81e3-c4a5f1abfeca,ADMIN,INACTIVE,17,47,True,True,True,True,True,False,True,3.54,22,4a306dc9-143a-4808-b4e7-ef6b1da5db1e,"[""Quarry manager"", ""Therapist, music""]",9914db1a-1c5f-4cb6-9be7-da8c8f3466ad,2025-11-18T17:35:19.348526,2026-04-12T23:49:46.096746,83d2b2fe-5779-46d5-9280-3c396bfd421a,fdeb5952-5e4d-470c-9f4b-8d6acf8f52b5
460e63b7-ab5d-4d3e-b13a-53d163e89f4b,EMP4331,3822ad10-13f9-406f-a4da-8f398d17b2bb,3dd270ee-41ef-47ed-98c8-22b2af21b4aa,b129dded-b1f9-45db-8fae-8960588bee22,MANAGER,ACTIVE,8,20,False,True,False,False,False,True,False,1.95,26,64ee20e0-c6a4-4e79-87fc-8bb72d2d560f,"[""Research scientist (maths)"", ""Sport and exercise psychologist""]",99a7b7ca-eeea-4504-a7ba-730932cf15f5,2025-06-09T20:15:46.700362,2026-04-12T23:49:46.096783,28b7b3b4-defe-4fd2-9881-f37371318023,9c30df5c-1e48-4ac0-930e-2633a4c1c266
5bb29a1d-8670-4b60-9d0c-3bcc06901c5e,EMP3059,12655d4a-4ce1-4f23-97b7-ebbbfac21a87,87557121-007b-4e66-9a6e-733b6e2bc363,f0c9bfe6-acf2-4789-bf5b-841e3a4ef1da,MANAGER,ACTIVE,15,9,False,True,False,True,False,True,False,1.79,34,e7f82503-1feb-4d3c-b772-fe3c31c628f8,"[""Purchasing manager"", ""Osteopath""]",26adbf4c-1f6a-416e-8d2e-af9d09cf4d0a,2025-09-18T12:32:55.547039,2026-04-12T23:49:46.096820,5dd133ae-b6cf-465a-aaf4-6c8bc87b7d69,e8bec9f1-de12-4a45-9310-a83a96db639c
652a9eac-da03-4160-95b3-e6f3d0f4d3da,EMP0840,c2460bae-3fee-4559-8d17-55700f98cf2a,f1c4b27c-6e22-48a1-a23c-8d646460dcc9,a1f260c2-6381-42d5-9da4-a60bd21f385d,USER,ACTIVE,9,16,False,False,True,False,True,True,True,2.48,12,f4be4f9e-5ddc-4cd1-9ede-f87d2f9b07e6,"[""Prison officer"", ""Scientist, research (life sciences)""]",4249549f-70b1-47a0-9f00-8782d02c6400,2025-07-21T22:00:24.530142,2026-04-12T23:49:46.096858,57c1df5c-e3e9-4428-8dbf-edb1471fbd34,eeb1333a-73a3-4645-91ec-4629488ca80a
2169ec34-2090-4421-a354-40ebd11409d8,EMP6401,f2fc2583-1768-4b70-b360-0f1b859fa2e8,9deb59e9-2b41-4fa0-b272-fa2b3dc749de,9a253220-6cd9-48a1-be3e-47b3f3295b91,USER,INACTIVE,13,44,True,True,False,False,True,False,True,3.77,28,973628b6-954d-486e-8af2-ef47fe5b6933,"[""Learning mentor"", ""Private music teacher""]",76b7024b-b167-4a7e-9481-aa7b1c1672b1,2025-09-23T18:04:40.301828,2026-04-12T23:49:46.096894,421188e2-515a-469e-9e22-62c450306cf0,d6817e3a-98d5-4cf9-9f35-02e96ef0922a
b7636ffd-ce63-484d-b184-d799dc137c89,EMP6621,423c1942-2005-4779-93ba-4624c5587f35,62aab707-f2c5-4283-86fb-7bdb83f4ac9b,b99f44ab-1fa5-4d74-a509-49df856981dd,USER,ACTIVE,14,25,False,False,True,False,False,False,False,2.28,4,47913c09-1ff1-4643-ad6c-190076ad6c36,"[""Tourism officer"", ""Volunteer coordinator""]",59b13996-6727-47d5-977e-861de3cd7271,2025-12-23T16:19:03.320115,2026-04-12T23:49:46.096930,7994b257-c32b-4318-ab15-836694d420b8,70e33d56-9345-4701-81e5-6ec27eb8eaf2
35a22921-0807-4859-ba89-2ebae3c25783,EMP8565,ed30908d-8c0c-4522-a6cc-b516e11a57dc,0709cc65-6c9f-4f4d-8ae3-f0bbc2a2a1a8,851eb687-3e20-4aa1-999e-3996b53284ac,ADMIN,ACTIVE,8,33,False,True,True,False,True,False,True,1.4,33,f9718a9e-9dca-4422-b2c4-09e97916a4b6,"[""Comptroller"", ""Interpreter""]",e58c080b-fed5-47a8-8121-d2bf9d58494e,2026-03-08T13:11:23.347459,2026-04-12T23:49:46.096967,1c2f0935-25da-4e6c-9b65-1162b04cb2c1,e6592c86-8591-408a-b519-4d8e43f62148
a4d290c6-8a7e-41e1-a73e-14f7e5ec18b0,EMP4245,4f8f21ae-40b0-4e39-96f6-90e0216ce988,3dd270ee-41ef-47ed-98c8-22b2af21b4aa,a5e5e2ef-5f22-4723-8ecd-554db7055fc4,MANAGER,INACTIVE,15,25,False,True,True,False,True,True,True,3.59,3,28fc8aa9-22b3-42dd-bf43-358d6bc9e670,"[""Surveyor, planning and development"", ""Pharmacist, hospital""]",0cd9f158-97bb-4d1f-b293-d285c0dc52bb,2025-09-06T13:02:00.906867,2026-04-12T23:49:46.097013,6233fc2e-a191-4eaa-a68a-315fb9fa973a,e87a85d7-86c1-42f6-8e29-5165d2f92d90
266635cf-5fc8-4a3b-8bb1-98ce9bd4adfe,EMP2929,23950ca0-18d0-4358-b7dd-1135af1cec54,9deb59e9-2b41-4fa0-b272-fa2b3dc749de,9f7dd91d-8393-4877-aeb4-82db99233a4e,ADMIN,ACTIVE,15,31,True,False,True,False,False,False,False,4.23,19,dfab185f-cc2b-4a04-bc0a-4e6184920116,"[""Training and development officer"", ""Automotive engineer""]",dac70589-3935-4e21-8689-d9e4e64cbb0b,2026-04-10T19:01:22.592882,2026-04-12T23:49:46.097049,8f2163ba-bd60-4a84-bc1a-8f8b91b9bd6f,270b11f6-a340-41ba-acf7-26d6ce5cefb0
a199b52d-3660-4e9d-9b3c-1d45c0fe6374,EMP2267,8e3e6aa7-d9a7-48a2-a839-58e9c7e3ca31,0709cc65-6c9f-4f4d-8ae3-f0bbc2a2a1a8,db26ed9c-2dd8-4dea-86b2-14dc07b8700d,ADMIN,ACTIVE,13,28,False,True,False,False,False,False,False,1.58,1,3302b59a-2804-4032-97d2-6566199ee5a1,"[""Warden/ranger"", ""Geoscientist""]",8dfcce0f-ade8-4642-ba36-48b90ccd0ffa,2025-04-28T16:52:56.451874,2026-04-12T23:49:46.097088,a2ba7241-f8c2-46f0-be28-445393f1dba6,71a6246b-f579-48a9-81bf-9a3a573a127c
f1bb2a16-43a7-43b5-8ee5-08651c84338d,EMP0154,b2492966-5ff5-4e06-90b1-ad9c0163e318,f1c4b27c-6e22-48a1-a23c-8d646460dcc9,33977c2f-b21e-4548-8c6f-913217f24c7c,MANAGER,ACTIVE,10,20,False,True,False,True,True,False,True,3.56,5,934f03d3-8a59-4d20-9106-5a669c24b923,"[""Civil Service administrator"", ""Estate agent""]",bc70b929-18bf-40bd-850c-4206e8d306c2,2025-10-18T11:53:56.338194,2026-04-12T23:49:46.097127,efb2bfe4-33d6-49a3-b9e9-6afdcf1b6750,2f31a317-a6d7-4cf1-8dd5-32de7bf080be
05906082-9d91-4213-af45-35936c4d82a0,EMP7386,63f2157d-b4f8-49c5-9bc5-2d8c1e5bfc6e,3dd270ee-41ef-47ed-98c8-22b2af21b4aa,a5e5e2ef-5f22-4723-8ecd-554db7055fc4,MANAGER,ACTIVE,7,25,False,True,False,False,True,True,False,3.95,39,6f10c745-ab46-4882-be5e-b03a820f29e2,"[""Soil scientist"", ""Secondary school teacher""]",1d7a8005-6397-40c0-8777-a7a90e3cb949,2025-07-01T14:32:17.778068,2026-04-12T23:49:46.097167,ed30908d-8c0c-4522-a6cc-b516e11a57dc,70e33d56-9345-4701-81e5-6ec27eb8eaf2
a6b1b761-edd2-4db0-be95-724d263dff66,EMP3923,6a9b68da-2a33-4c57-a7e8-c8433e08bba3,ad31d7e7-9a34-4eb1-8030-317d6d9d1a4d,a8a1944a-0a6f-4eb5-ab01-ec9398c24816,USER,INACTIVE,20,42,False,False,False,False,False,True,True,3.41,30,f938d5ff-19c3-4a1a-94e5-199ec1b13650,"[""Software engineer"", ""Trading standards officer""]",e4f44335-22fd-4d8d-b811-a7e17cde9bb0,2025-10-21T09:47:20.611619,2026-04-12T23:49:46.097207,2e2ef9e0-631f-47cb-977a-25e157799ecb,0ae51979-c573-4504-9e9d-0b98597686ea
c787bc0d-a6c8-46d4-b35e-a8ee39ad109f,EMP2254,7929fc62-f274-4a85-a413-12903c95693f,600ad80b-c837-4db6-b132-5c5f8b995ef6,adf250c2-d5ea-431e-b600-ea484082cc5c,USER,INACTIVE,29,41,True,True,False,True,True,False,False,1.03,20,11646d5d-fbec-4f4d-8988-2bd9d7e5df47,"[""Pharmacologist"", ""Retail banker""]",d1f312bb-c5e5-421e-a0d0-e37ca54d4134,2026-01-07T21:34:56.100425,2026-04-12T23:49:46.097245,5c18f2a5-6b98-484f-aaef-3cb6f2670810,e5ea8228-4c67-484d-8948-6db2def7288a
c39d6c40-1955-4d83-85be-e92dd2a44f3a,EMP2966,1a1727ca-6b09-461f-ba3e-4d299c37f598,9deb59e9-2b41-4fa0-b272-fa2b3dc749de,4cad3624-0883-47a7-bdb4-70ec52035a28,MANAGER,INACTIVE,16,32,False,True,False,False,False,False,False,2.05,1,65cde74d-5b73-43b9-bcf8-5b233d518a1e,"[""Chartered legal executive (England and Wales)"", ""Best boy""]",e9421be0-b9dc-4208-986a-7b7aeaf88e5f,2025-07-04T12:52:34.981318,2026-04-12T23:49:46.097280,b09964ef-45e2-4af1-ac16-3db14d45b144,f4437c2f-ae9d-4dce-97c1-a9724dd0439b
c8169bf2-0bae-4971-b563-b7197d0ae052,EMP6574,8b1ae075-9c3f-4e4f-b4af-9bcfe9299109,600ad80b-c837-4db6-b132-5c5f8b995ef6,52396d55-305b-46c2-8e88-b0e4ea1aacec,USER,INACTIVE,15,48,False,True,True,False,False,True,True,1.09,21,10287883-e1ee-47fa-be84-55478283b0fe,"[""Surveyor, building"", ""Associate Professor""]",78ea830b-a6b3-454b-87f3-a109aaeae1ac,2025-11-03T03:02:27.549314,2026-04-12T23:49:46.097366,2a1990ea-ad78-4a9a-991b-8b7f59f62afe,093508a6-a25e-4bd6-9dfc-3dc07bcb63cc
552380fb-710b-4916-b086-e78919814588,EMP4371,c5684fb2-e418-4fbf-b385-04fdd16ad315,1d7e9e8f-40be-49dc-9672-3aa65ee2f0d0,e3e8e4cc-bb56-49a0-9ff7-4e903cd8618c,USER,INACTIVE,18,32,True,True,False,True,False,False,False,4.52,18,46d22e1d-4c28-4c69-873d-89ac326f38fa,"[""Industrial/product designer"", ""TEFL teacher""]",f821772e-1376-4a99-9b53-b86f56f46012,2025-06-10T12:45:25.473318,2026-04-12T23:49:46.097415,6857ab2e-d8c8-4b03-8a8b-deae920467b3,d866bc3d-5663-402d-a88a-8c4866373d1a
4810f0a9-637b-4c94-ba22-be3318b9ef28,EMP2735,427c82bd-cc18-4df8-be89-541a21292cdc,62aab707-f2c5-4283-86fb-7bdb83f4ac9b,dd3e6bc9-2d8c-4904-92ab-c670be72cc36,ADMIN,INACTIVE,15,23,True,False,True,True,False,True,True,1.59,37,2ac5c376-2c9c-4080-adae-408ba0c13b25,"[""Accountant, chartered management"", ""Oceanographer""]",f4c021fa-c688-420e-ba2e-6a941609e129,2025-04-24T05:47:35.003137,2026-04-12T23:49:46.097454,6284ac36-05b3-4ef8-abee-b21e5feecd97,f1c86d1b-31ac-4ca2-836a-0178051668e9
43d12154-36da-45e0-b8b3-b351131cb6f8,EMP1266,56fb8024-b581-4df1-92d3-28aaa5653ca4,0709cc65-6c9f-4f4d-8ae3-f0bbc2a2a1a8,05feb0a4-4f7e-4ed0-a738-4b7fea432c65,ADMIN,INACTIVE,13,30,False,False,True,False,True,True,False,3.62,14,3429cba6-52f3-402b-9c92-7840b7706a2d,"[""Higher education lecturer"", ""Newspaper journalist""]",9500c6a2-dce2-43bf-b4fb-4311440504ef,2025-12-01T07:12:05.864307,2026-04-12T23:49:46.097492,8c82b41b-aee5-4804-8e91-36a240d8f9b3,87bfff28-566f-4c51-afb0-49f3f2340fe6
3646dd92-eb1a-4e60-b3de-91399b3f93e6,EMP0961,2dba0ad3-4c22-40bd-9f4a-9391c8f7277d,ad31d7e7-9a34-4eb1-8030-317d6d9d1a4d,9dd3daca-c885-4f9d-8e3e-19b6bfcce990,USER,INACTIVE,26,46,False,True,True,True,False,True,False,4.52,35,c0005082-c518-49a6-8f6a-3f9cb954b404,"[""Higher education careers adviser"", ""Trade union research officer""]",eab98c25-4538-486f-99a1-96b79829af04,2026-01-23T19:18:35.202095,2026-04-12T23:49:46.097529,3d0d92b0-d5d4-4eb5-be13-1b4e5cf57d70,38f939b2-043e-40d2-907b-05fed8f10e35
396e004c-45c0-448b-9366-fede0d3b1de1,EMP9100,a0d185e0-0926-4870-ba78-7f3ca9679a65,4c23bea9-bb9e-4064-83d9-a54f94a01185,8d8fb2cf-f5b5-4a89-8db7-1aefd54286af,USER,INACTIVE,11,26,False,False,True,False,True,True,True,3.91,38,8ac3493e-3c4d-47f1-8c45-ef220f7ed1a5,"[""Therapist, speech and language"", ""Claims inspector/assessor""]",49945c60-b64b-43e6-965f-34a93d64a98d,2025-09-16T16:37:29.984236,2026-04-12T23:49:46.097579,e89d1a76-cf76-4629-8b1a-40126a67aca4,9e12bbb0-7d5e-434b-a900-9a9c09a26942
320d53b8-dd90-4f60-96ce-fa2cf1fe5363,EMP5954,c65d0e4e-8c8c-4293-b1f8-3d9955bf15d1,4c23bea9-bb9e-4064-83d9-a54f94a01185,dbad46da-7c26-48e9-ab2e-94c6d39d2a96,USER,INACTIVE,7,16,True,True,True,True,True,False,False,1.89,35,e0a88c86-bf5d-4bad-87b9-9e79e54919aa,"[""Librarian, academic"", ""Insurance risk surveyor""]",443589ac-4394-4840-8893-fe5547f6db08,2026-03-20T10:22:03.584620,2026-04-12T23:49:46.097620,3d0d92b0-d5d4-4eb5-be13-1b4e5cf57d70,c77c5878-ae03-4373-b7a6-2ac936189261
e0dc7bc5-a5e0-45d3-862b-dc497bfcad1c,EMP3001,9b7e5ef9-be1a-4435-ae91-017319949436,f1c4b27c-6e22-48a1-a23c-8d646460dcc9,63cffcfe-a6fd-4799-b911-4cab0b02a12d,ADMIN,ACTIVE,9,26,True,False,False,True,True,False,False,1.15,36,a7bedc91-7b26-4327-8087-5be398aae3c3,"[""Public relations account executive"", ""Scientist, physiological""]",8f06d217-bbb6-43bb-b072-4b2cb33841c3,2026-02-24T06:02:20.497073,2026-04-12T23:49:46.097657,c3d3eaa5-772d-477b-88c1-b889786bd159,877cfaf2-78b8-45d0-aed5-102f2a6d7285
cf81149b-d71c-4284-abb8-b7d3e0dffe2d,EMP6274,2be12eb2-409c-434f-9170-6a20969bcf32,f1c4b27c-6e22-48a1-a23c-8d646460dcc9,a1f260c2-6381-42d5-9da4-a60bd21f385d,ADMIN,ACTIVE,15,24,False,True,False,True,True,False,False,2.67,27,a38c58a7-08da-4db8-913e-8d1993444cea,"[""Designer, graphic"", ""Accountant, chartered management""]",4102cc74-f82d-4b16-9cd6-5d4aa873b5c6,2026-03-11T14:36:08.620589,2026-04-12T23:49:46.097693,7929fc62-f274-4a85-a413-12903c95693f,35216ab6-d387-4626-9c57-654ce13130fa
f0bac182-352b-46d9-a7a3-4998bc099704,EMP5225,93c271fa-924d-4aac-ac4b-d83563e5ec4c,87557121-007b-4e66-9a6e-733b6e2bc363,81b3c299-b9fb-46f7-bc21-f8302bdc78b7,ADMIN,ACTIVE,9,21,True,False,True,False,False,True,False,4.95,23,b1fb29d0-30e1-4060-b8fc-e7a94454e654,"[""Statistician"", ""Teacher, English as a foreign language""]",18d4feb3-1fca-4754-84b7-495b6c1630ed,2025-10-14T17:27:38.455877,2026-04-12T23:49:46.097729,19a672fd-75fa-45bb-b9b7-a258caf8a0f5,54280e60-6de3-4876-82e5-4fd49cd50b3b
70762b7f-f849-43f5-9e08-3fdaf7c181c5,EMP7307,fd67a275-8982-45fb-8719-788fbe21b478,f1c4b27c-6e22-48a1-a23c-8d646460dcc9,a7685672-e332-45d3-b4b1-ccf242fd3c81,ADMIN,INACTIVE,14,19,False,False,True,True,False,False,True,2.59,28,deb9834f-5986-4f88-bc9a-e39b8a9e871e,"[""Engineer, civil (contracting)"", ""Designer, industrial/product""]",27f64b65-b520-47ae-9094-795892fae7d4,2025-05-22T13:35:58.303581,2026-04-12T23:49:46.097764,fd153884-1bbc-4787-a3ed-5f4a965ad0c6,5537dcb6-c8e7-42ed-a426-4ac802a798f7
cb0ae371-50e0-4df9-8b3c-eeb8d88a1fda,EMP6569,e77483f4-8c9a-417b-8f51-e6d8c0e605aa,87557121-007b-4e66-9a6e-733b6e2bc363,28239b79-7923-45f9-bf06-9ac28ab1daa3,USER,ACTIVE,4,28,True,True,False,False,False,False,True,1.85,17,61dee380-7440-4caa-a20c-5fa97275c6dc,"[""Claims inspector/assessor"", ""Armed forces technical officer""]",27569a8f-5aa2-44d6-beee-a3f0e406a2d7,2026-01-11T11:51:53.503493,2026-04-12T23:49:46.097798,8767e18f-6432-4b69-ae44-2f0a59e5540f,e5452937-5af8-4769-ad0b-b094673e6ff8
7e9c1e19-eabf-4542-9ec4-89ce87a15527,EMP0861,44de5c7d-0459-45e9-a8bc-2f546a668691,9deb59e9-2b41-4fa0-b272-fa2b3dc749de,faf42dd4-df04-446a-adcd-8bec5b825a98,MANAGER,INACTIVE,22,34,True,False,False,False,True,False,True,1.02,1,20ca8282-6115-4d8c-8990-853029e0ae19,"[""Commercial/residential surveyor"", ""Research officer, trade union""]",942891ea-cf34-4100-8237-fc9d631c542b,2025-05-16T19:05:43.983425,2026-04-12T23:49:46.097832,8db3921c-25b9-48d1-acd1-3ef3662b5d05,d75d7dae-0df6-4c72-a196-daa29637b32a
5db8f299-3549-41d8-9d6d-211b89347bdd,EMP4025,093508a6-a25e-4bd6-9dfc-3dc07bcb63cc,62aab707-f2c5-4283-86fb-7bdb83f4ac9b,d0a42461-c61f-4a42-8baa-b367e8abf9df,MANAGER,INACTIVE,18,23,False,False,False,True,True,True,True,1.56,22,b8f73487-fde9-447e-a938-654c4c454524,"[""Analytical chemist"", ""Advertising copywriter""]",8ad5da04-4f98-46e6-8d3b-a1a691b19e89,2025-09-08T11:00:38.769069,2026-04-12T23:49:46.097869,26fcf216-08df-42be-b692-12446f85d92d,99fd560b-fc5e-467f-85e3-e8dd2ae4e750
0b375319-7d8a-4f76-bd0b-8da70c07aadd,EMP2276,c8365635-4bac-4892-848e-127976b5927a,1d7e9e8f-40be-49dc-9672-3aa65ee2f0d0,f6b5b755-5449-4069-bfa1-978d0908257f,MANAGER,ACTIVE,18,31,False,False,False,True,True,True,False,2.24,6,7ae5b032-f883-457a-ba12-7e1e383f0914,"[""Furniture designer"", ""Financial trader""]",5009c9e7-4ba3-41b2-b7ce-fce194678a50,2025-08-04T00:25:56.236531,2026-04-12T23:49:46.097905,c768e4e0-4f35-4cdb-8069-18968baefc3f,b81abf1f-fdd1-4fab-b750-61780cbeea00
deb15936-30b8-4625-ac03-162a3138bc2d,EMP9465,4a731de1-cd7a-46f9-a357-3bb03d67efa2,1d7e9e8f-40be-49dc-9672-3aa65ee2f0d0,01e2f254-658c-42af-b7bf-685bbad6c978,MANAGER,ACTIVE,10,26,True,False,False,False,False,False,False,2.4,3,53d7fa69-a68e-481c-9454-7abf87390c51,"[""Counselling psychologist"", ""Plant breeder/geneticist""]",33958a12-d58a-4399-a523-5c9283f262e5,2025-12-14T19:35:55.256504,2026-04-12T23:49:46.097939,57f66b33-cbd2-47b6-9b84-ae1e945f4b4c,c46a8160-8dae-4fa9-9796-2a09724921b4
f6a901a3-c844-4c3f-a555-015099258fb7,EMP5053,6eb80bd1-5a84-49f9-b29b-84c891c23bbb,4c23bea9-bb9e-4064-83d9-a54f94a01185,4989bfbe-eaa3-4f1f-9e26-45c761b37c8c,USER,ACTIVE,6,17,False,True,True,True,True,True,True,1.92,1,d247966f-f040-46bb-893b-8a0eeb001f5f,"[""Higher education careers adviser"", ""Restaurant manager""]",2499d24f-5bec-4a70-a22d-7cd7460c335c,2026-03-03T08:45:55.886997,2026-04-12T23:49:46.098002,5d5f5118-899f-4bd1-a998-d263945b6a96,6c603b94-5338-4010-abd3-074269529b82
eb37f572-04f4-4b01-a568-8510652acc97,EMP4116,cd8fb0c9-de31-484b-831c-e7e1fb1b9601,0709cc65-6c9f-4f4d-8ae3-f0bbc2a2a1a8,e99b4281-44a2-4f3f-aae7-590e6e2eca22,USER,INACTIVE,7,37,False,True,False,False,True,True,False,1.73,14,5b9931d6-3ba5-48d2-a8cf-f8ac3fabdc96,"[""Administrator, local government"", ""Designer, graphic""]",6fbd2da0-fabd-4bfb-a5ad-f11aa10cfa88,2025-10-15T10:06:19.519017,2026-04-12T23:49:46.098042,919f1991-722b-4be8-aab7-286444296fef,e89d1a76-cf76-4629-8b1a-40126a67aca4
5826afcc-ff42-4f59-b6fa-7651285ae1ca,EMP9538,d8b64c79-6f34-4449-9256-241ee70d5f94,4c23bea9-bb9e-4064-83d9-a54f94a01185,fe97899e-b83b-4151-a9b5-89841ac53186,MANAGER,INACTIVE,12,18,True,True,True,True,False,False,False,3.81,23,49fce441-598e-4dc8-b0d4-b86bfb4eb187,"[""Soil scientist"", ""Research scientist (physical sciences)""]",a0c621b2-e044-40b2-ab5b-46f0523273b3,2025-08-16T03:53:47.365004,2026-04-12T23:49:46.098081,d9b40d64-7fe0-4895-abf7-0a1a88ea1d92,c3d3eaa5-772d-477b-88c1-b889786bd159
82f81b08-fd78-4e6b-9ee5-d6d157db3fe4,EMP9875,15e894b4-7117-4818-b7d5-a89ac5250851,4c23bea9-bb9e-4064-83d9-a54f94a01185,e11887a6-d7eb-492b-be63-6b1ee95ebc8d,MANAGER,ACTIVE,11,21,False,False,False,True,False,True,True,2.15,38,e77dfe62-1a3f-4127-9414-296079088b05,"[""Surveyor, rural practice"", ""Embryologist, clinical""]",ca0683ff-6207-493e-9297-6bfd37ca1376,2025-05-04T10:10:49.737911,2026-04-12T23:49:46.098119,409d3be1-5ff2-4eec-a8ba-b4340c272f12,2f31a317-a6d7-4cf1-8dd5-32de7bf080be
9e4e85c6-e609-4df2-abe5-94d56de7694f,EMP1552,bd081e16-bc11-4549-8627-6d46e96d3ed7,3dd270ee-41ef-47ed-98c8-22b2af21b4aa,98e03f66-3bb5-48d2-8c12-b8b050352e53,USER,ACTIVE,7,31,False,True,True,True,True,False,True,4.76,19,89c5be53-9aed-4702-8d78-89eb3b174139,"[""Senior tax professional/tax inspector"", ""Development worker, international aid""]",2dc77d75-f808-4807-96e2-0d4ad23e1cda,2026-01-16T07:43:00.560615,2026-04-12T23:49:46.098158,d0d842dd-3739-4441-bd82-006bbbf2265d,0b037f35-6ede-4214-8766-f5e786223abd
44e448aa-dde7-4cbd-bfe7-b687fb7a8ac4,EMP0164,ddfb8e01-ad66-4e19-bade-00c493b89495,f1c4b27c-6e22-48a1-a23c-8d646460dcc9,f4134d33-9aca-45a0-95ea-f070abb84bec,USER,ACTIVE,6,13,True,True,True,False,False,False,True,2.73,40,66da6f38-3e46-4f3b-bc34-95cecdd0ce5e,"[""Exercise physiologist"", ""Advertising account planner""]",5d8fe6fc-62bd-467f-8eaa-7f6a6f23f21a,2026-03-11T05:26:58.761167,2026-04-12T23:49:46.098194,014c8fc5-1dd4-40d5-81c2-00fab660a550,f2b62cd8-b510-4c2f-95ec-d51705341ef4
cbd4363f-6a35-4d91-afdd-1a75a822d8a8,EMP3297,d682672f-cfcf-4ef9-8c18-46a9ec300c8d,3dd270ee-41ef-47ed-98c8-22b2af21b4aa,6e7856f1-41ae-4b00-8a74-a0a3b342b578,ADMIN,INACTIVE,14,25,False,True,False,True,False,True,True,4.48,27,e270ee18-af53-4593-8a81-4358c90b3925,"[""Programmer, systems"", ""Health promotion specialist""]",a6a55943-ea84-496c-842c-f67fcde44047,2025-07-29T11:12:00.247432,2026-04-12T23:49:46.098230,79d9e57f-9e71-4fd7-9745-28e244569a8b,c22a5d7f-d4cf-4e82-96a5-fec7413c0c4c
227a7018-8d22-412a-bbc3-ee67e168ce33,EMP4332,8811aca0-f93f-4823-ad4b-1cbe1c9bfbfb,600ad80b-c837-4db6-b132-5c5f8b995ef6,2d10722c-f94d-4096-9636-a8d973de4055,ADMIN,INACTIVE,34,38,True,True,True,True,True,True,True,1.61,38,2e176385-7cfa-4f49-b70a-80a86e48791d,"[""Therapist, horticultural"", ""Insurance broker""]",e86dfe16-11b0-4efc-9ac7-63d8fb7c1053,2025-08-16T18:42:12.000408,2026-04-12T23:49:46.098266,9a4a1595-56ab-4bf2-b808-197a9e6bf083,c5841441-860d-40ca-b6da-33b0311ef397
e2557333-78c1-4678-930e-4f6d969e2385,EMP7867,85fc7c87-f5a7-4a8c-9bd5-08c2506d9a83,1d7e9e8f-40be-49dc-9672-3aa65ee2f0d0,91dde119-a648-46a3-8979-6a0521caae84,MANAGER,INACTIVE,13,34,True,True,False,False,False,True,True,1.48,6,d4adb030-baea-4a07-9793-86ee50d11eb1,"[""Heritage manager"", ""Audiological scientist""]",1721dd2c-4df5-4d44-87fc-7555931f02c4,2025-07-29T11:23:56.964187,2026-04-12T23:49:46.098302,5b1146ec-4a52-423b-b82b-2f213223535e,b3138dd4-4cd6-43f9-a55b-14f1292efad3
5f9d09bb-8091-4583-96b5-30318ad69738,EMP7724,5dd133ae-b6cf-465a-aaf4-6c8bc87b7d69,0709cc65-6c9f-4f4d-8ae3-f0bbc2a2a1a8,12551883-93aa-4bd1-b9bf-2329caff9201,ADMIN,ACTIVE,14,24,True,True,False,True,False,False,False,3.45,9,3012c234-64a4-4b5e-981a-792e09decdb6,"[""Nurse, learning disability"", ""Graphic designer""]",4ff7ec86-4129-4456-9adc-f233a012b751,2026-03-12T09:41:16.329402,2026-04-12T23:49:46.098337,f2132b70-8c9a-49c1-b0b3-891274ebfc30,b12eb5bd-4fc8-4e2a-83b0-64671016502f
b92c1900-ee64-4c6c-b287-0bebf976b14a,EMP7283,197e5964-654d-433a-a143-9781618cbecf,87557121-007b-4e66-9a6e-733b6e2bc363,443d6105-63c2-486f-9299-9ca8fe1339d5,ADMIN,INACTIVE,9,21,False,True,False,False,True,True,False,4.93,38,9308eb10-410d-42ea-9c8d-0b3b3a39c0d2,"[""Hotel manager"", ""Civil engineer, contracting""]",56230d9d-3188-4fa6-86db-b19262700e4c,2025-11-04T08:29:41.547981,2026-04-12T23:49:46.098371,2fd0a907-94fa-4bce-a1dc-5933dd601026,300d2544-38fb-4eeb-8503-d8384a2cd82b
16143023-eea5-4bab-abf3-131411580662,EMP0671,1f23369d-6226-483f-a6f2-700a1b697423,ad31d7e7-9a34-4eb1-8030-317d6d9d1a4d,6a6128c7-b949-4f8e-80b6-a62e22badb3d,ADMIN,ACTIVE,20,49,False,False,True,False,True,True,False,4.32,21,e237346f-013e-4f50-b8fd-25c6ace00376,"[""Advertising copywriter"", ""Ambulance person""]",7fba6e26-34d2-4979-871d-99f13ed9e109,2025-11-16T14:17:22.144549,2026-04-12T23:49:46.098406,de88a2b7-6187-4ee1-8af1-9c6d61a3b851,f363da29-aba5-432f-bc19-575136d01e3a
7025c824-49d8-4c44-a396-3067953de67a,EMP7844,defd7ef2-623f-442c-839e-966c765e7bca,600ad80b-c837-4db6-b132-5c5f8b995ef6,ba8bf6a2-112e-4876-95c8-8030c83ebccd,MANAGER,INACTIVE,26,43,True,False,True,False,True,True,False,4.9,34,49f3233f-0ea2-42f2-9fae-78f2d34e2159,"[""Early years teacher"", ""Visual merchandiser""]",7a20c94c-de5b-4972-82ff-cc5bb0d3ba7f,2025-10-15T05:51:57.619773,2026-04-12T23:49:46.098441,1e774fb8-65b4-49da-94df-685abe3673db,3b58223b-0fda-4811-ac09-f430449ce152
7a6f7bea-cea6-4eb5-992f-45acaacf65f3,EMP9931,4b13ed12-8f92-4adf-b37b-85b191a70e4e,f1c4b27c-6e22-48a1-a23c-8d646460dcc9,a1f260c2-6381-42d5-9da4-a60bd21f385d,USER,ACTIVE,11,32,False,True,False,True,False,False,True,1.45,40,f6e906b9-d4f1-49d8-bc0b-945ccb1c7f96,"[""Museum education officer"", ""Futures trader""]",9a02df26-7bd0-44af-ac2d-e6a32a0b7a7a,2025-05-30T15:33:45.731607,2026-04-12T23:49:46.098476,967b4351-6335-42f6-ab69-6e673e8cb0fe,311c454e-0996-4612-82f2-10cf14a61324
d1dd7b9f-7700-446c-9851-883e2e7b0b83,EMP2826,fabde931-a7f2-43ef-adb3-55ebf74ee419,62aab707-f2c5-4283-86fb-7bdb83f4ac9b,8c7913b1-357f-4c64-89b8-5de99cdf7170,MANAGER,INACTIVE,18,23,True,False,True,False,True,False,False,3.77,16,59d381f9-31c0-46cd-b881-cc40f5dc6d71,"[""Market researcher"", ""Risk manager""]",704e6dad-7266-4814-9476-2976ebc39aef,2025-08-18T02:16:59.354229,2026-04-12T23:49:46.098512,a537a7a6-12cb-4aae-a7a3-148b57a803d0,87f94c10-d9eb-4cf2-aa2b-b27d31de9cd5
d01b0e96-b579-4505-b508-b79b72cd82d4,EMP9702,edee20a9-79ba-4bc4-b18f-5fd3122f8160,ad31d7e7-9a34-4eb1-8030-317d6d9d1a4d,e4a361c5-1f6f-41ce-b252-a1b5d34983a9,ADMIN,ACTIVE,24,40,True,True,True,True,False,False,False,2.12,40,2e8b9600-7b8f-4cd3-8374-ae4978c24b6e,"[""Higher education careers adviser"", ""Scientist, clinical (histocompatibility and immunogenetics)""]",d6f22d9e-b316-47f9-abf8-ff5d1f7f58ee,2025-11-15T00:37:20.516748,2026-04-12T23:49:46.098548,423c1942-2005-4779-93ba-4624c5587f35,1ce23af8-1604-4780-8f40-d972f6f11465
447742e1-8c32-4376-a0b2-c8166b2de58e,EMP0557,5a181fc2-1300-40a5-a13d-006b0112306a,62aab707-f2c5-4283-86fb-7bdb83f4ac9b,da1d3ef5-c434-42fa-8fd1-a8011e558bb7,MANAGER,ACTIVE,19,27,True,True,False,False,True,True,False,4.91,9,696adb04-5d0e-4af2-81eb-f04846502210,"[""Surveyor, rural practice"", ""Teacher, primary school""]",da9f19a8-9283-425c-8a45-edbc96fd5e50,2025-11-06T03:55:59.152805,2026-04-12T23:49:46.098582,b4035083-05cd-459b-83c9-42efd74d354c,dfcfc9aa-55e5-4a4c-8d01-fcb90cdb2c8b
423c183d-06e9-4708-b81a-533f2fb1d346,EMP5843,dd68000e-ac5e-4586-8ee2-a7a10c718a87,1d7e9e8f-40be-49dc-9672-3aa65ee2f0d0,447b348e-c9c4-4dff-9d68-91f007cf6258,MANAGER,INACTIVE,8,24,True,False,False,False,True,False,False,4.38,27,c6c76197-8cd2-4f2c-b194-dc38869beb90,"[""Geneticist, molecular"", ""Make""]",5b475420-7026-4d34-8cae-0faa52e00b13,2026-03-04T15:12:44.591141,2026-04-12T23:49:46.098621,676302d9-ba39-4235-9c52-9aa58aad3c17,a0629d6a-0118-4c7b-85e6-c71a346f3c79
ee6d4724-b92a-41a1-80e0-1d22c46c556a,EMP5123,a5484c97-8434-4b6c-96c5-a6cfcb8d5df0,1d7e9e8f-40be-49dc-9672-3aa65ee2f0d0,4df0a4a6-59e3-4bdf-bccd-b9f75f972cb0,ADMIN,ACTIVE,14,23,True,False,True,True,True,True,True,4.73,2,c51450eb-a6ee-4896-94b9-b3608dc3eee4,"[""Historic buildings inspector/conservation officer"", ""Engineer, energy""]",54a658c6-f41e-4474-af70-1a08d3861b81,2026-03-14T10:53:56.390749,2026-04-12T23:49:46.098657,c8570faa-49c0-4664-9d4c-808d1402ebcf,5d66c75c-1d41-499c-adad-cdfc0464666a
8a4f3538-d4ca-443c-add7-1ac359c9470f,EMP4070,227037a9-a6b6-437b-930b-01162f8b88e4,4c23bea9-bb9e-4064-83d9-a54f94a01185,3b9136da-01de-4405-b300-d42f31791f6f,USER,INACTIVE,12,34,False,True,True,True,True,False,False,3.26,17,60e5eaab-fc0d-475b-9dd8-353989c78675,"[""Scientist, audiological"", ""Advertising account planner""]",8923f3db-af1f-4238-89bb-2273cbf55d68,2025-09-11T02:38:06.802252,2026-04-12T23:49:46.098692,5a75943c-a885-456e-b67e-8152ed85e3f9,021d216c-51c8-4ffa-9177-2d7d29fd764e
2647a667-d929-441d-bb93-bd49df49fdb6,EMP3139,1d0314e4-c0c6-404f-8ec1-07dbdc11ede2,87557121-007b-4e66-9a6e-733b6e2bc363,2fa3351d-cbea-47fa-95f6-8685264a9322,ADMIN,INACTIVE,8,31,False,True,True,True,True,False,False,2.23,17,7c720c3d-e2a3-4c81-a293-c635ed214a9c,"[""Land/geomatics surveyor"", ""Travel agency manager""]",0cb277fe-384a-41c0-9613-7a648d82953f,2025-12-05T14:22:57.050438,2026-04-12T23:49:46.098727,ebcd6277-35a4-4de5-b790-343801fdb7bb,93bb1090-88cb-4ea9-a682-d96682ee280e
0708c408-e916-4c6f-8f20-32780df16bcb,EMP3578,1d915e9e-879f-45f7-a220-6a744d8b697b,600ad80b-c837-4db6-b132-5c5f8b995ef6,aa16220b-59c4-43cc-bc60-b0ef299a4f64,ADMIN,ACTIVE,37,38,True,True,False,True,False,True,True,1.41,36,08c90be6-41c1-470e-987a-8e469cded071,"[""Geophysical data processor"", ""Journalist, magazine""]",1e5faf78-a309-456c-b95d-955fc066c27a,2025-11-24T23:23:02.297977,2026-04-12T23:49:46.098763,94bb48ed-a3f6-4eb2-a227-81fc8a5a2f60,9962e971-3ad5-4efd-ab48-b9cf87019f71
d3fba6e1-71d4-426e-ab07-066c0ef8cbd1,EMP7312,78c65af7-9555-4f01-86cc-fe47c52534a7,0709cc65-6c9f-4f4d-8ae3-f0bbc2a2a1a8,a42f9eae-2a82-40b6-be33-82b80e920edf,MANAGER,ACTIVE,8,25,True,True,True,True,False,False,True,3.38,23,cc1d96af-b41d-4dd5-8b6a-784748dc5550,"[""Scientist, research (medical)"", ""Development worker, community""]",6e033bdc-3487-40cb-87e9-07b9bfb5551d,2025-05-09T12:48:44.327605,2026-04-12T23:49:46.098797,347516fb-d8b1-44ea-b381-eebd429e9d5e,625d27e0-b8fa-42aa-bdab-43dc9ee86d14
f4bf2b48-a992-4d5a-ab7d-27e791215d92,EMP1126,a3476d1a-b2ab-4b08-8af9-64295ed20f67,0709cc65-6c9f-4f4d-8ae3-f0bbc2a2a1a8,dd0c5e2e-56a5-4976-a4fa-800f9da88432,ADMIN,ACTIVE,12,33,True,True,False,True,False,False,True,3.69,40,3454550a-067f-496e-ad86-f3fa78b7d3b4,"[""Insurance account manager"", ""Designer, blown glass/stained glass""]",f990a5ac-0a83-40ba-9471-84223ee1d590,2025-05-17T07:50:44.918994,2026-04-12T23:49:46.098832,67b750fa-e891-4b94-829f-6373c6d84c9d,1d8d9281-b204-44de-bcab-2bb92eb6c197
f5abbad3-2b2e-4932-b1b3-0320a17b7f69,EMP8154,ded507ca-2019-4ddf-8ce3-07e73d47ae6b,0709cc65-6c9f-4f4d-8ae3-f0bbc2a2a1a8,142f9c7e-4c34-4e1d-a169-fb162f84bdaf,MANAGER,INACTIVE,9,28,False,False,True,False,True,True,False,3.39,28,d1f690a7-8217-49d8-91b8-b1c544a09442,"[""Garment/textile technologist"", ""Research scientist (life sciences)""]",92dca22e-8f5e-45d7-b8d2-b5c0ff6825af,2026-04-03T17:51:24.432783,2026-04-12T23:49:46.098867,209fe209-6478-4310-a949-ba25d50cea7c,9e12bbb0-7d5e-434b-a900-9a9c09a26942
ebb5af00-2ca8-488d-a398-fa989bec1a54,EMP8937,0c9be6c6-fb48-424f-bff8-4ca7436dafec,1d7e9e8f-40be-49dc-9672-3aa65ee2f0d0,4df0a4a6-59e3-4bdf-bccd-b9f75f972cb0,MANAGER,INACTIVE,4,28,False,True,True,True,False,False,True,2.83,4,82a5905f-d095-43f7-9c25-6c9758818029,"[""Programmer, applications"", ""Associate Professor""]",003b76a1-05fa-4ea9-9058-f7835a8a2582,2025-10-07T20:11:34.378084,2026-04-12T23:49:46.098900,efb2bfe4-33d6-49a3-b9e9-6afdcf1b6750,40e3ee56-22cc-401c-9ff1-78586b53dd73
552e7563-01e5-4474-896c-0cc6055ac100,EMP5070,ad53e0cc-9f63-440f-ab66-4c86796fdd97,9deb59e9-2b41-4fa0-b272-fa2b3dc749de,193f83d3-2c2b-4cb1-a19b-506279bb32f2,MANAGER,ACTIVE,12,30,False,False,False,True,False,True,False,4.37,17,96b37882-6656-4ac4-9160-a7c17ce79182,"[""Wellsite geologist"", ""Metallurgist""]",ec96238b-abfc-4d3b-b39b-a79e665b60f3,2026-03-24T15:15:40.411193,2026-04-12T23:49:46.098934,71e2cc75-7667-4d46-b834-5d7799d4a36c,54bf1f95-bfcc-4beb-89a7-3205f104831a
de7c2680-6a11-41d2-ac97-5efcddbc9738,EMP0626,3c4d9bad-cd2d-43ba-85ae-6b4bebccd937,4c23bea9-bb9e-4064-83d9-a54f94a01185,3b9136da-01de-4405-b300-d42f31791f6f,USER,ACTIVE,8,27,False,False,True,False,False,False,True,3.05,1,a030bfa4-cb77-4772-a277-e7ea9b46cbb5,"[""Engineer, water"", ""Electrical engineer""]",0a0c07d0-3386-460e-93d7-a10feb30375e,2025-09-21T20:10:48.558329,2026-04-12T23:49:46.098968,6a9b68da-2a33-4c57-a7e8-c8433e08bba3,34172efe-7439-4aa7-94ee-e89fb6fde517
233f8d93-bb3d-42c0-a3c6-c0d3a1ffd904,EMP2432,3bb6ee21-defc-4977-b327-03b88132f10d,1d7e9e8f-40be-49dc-9672-3aa65ee2f0d0,129c5606-365a-4db7-8e5e-44b24dd5b294,MANAGER,ACTIVE,12,36,True,True,True,False,True,False,False,4.01,29,04bf27b0-dc9f-4572-8a94-6ef34c6610d9,"[""Physiotherapist"", ""Lecturer, higher education""]",87273e71-7229-4d2c-90cb-83c15e65076c,2025-09-25T04:59:37.281802,2026-04-12T23:49:46.099002,d68231be-a477-47ce-b578-f76b7fc8ef3b,a6c23d77-da43-4fe0-be16-f155ce6ec370
bec5a78b-cc71-4268-95d0-a78f98c41517,EMP0798,17b69309-c496-4a61-908e-4c497cb13ad5,4c23bea9-bb9e-4064-83d9-a54f94a01185,fe97899e-b83b-4151-a9b5-89841ac53186,ADMIN,INACTIVE,10,23,True,True,True,True,False,False,True,2.09,28,70149826-eb63-4a36-af92-467b47dc344e,"[""Associate Professor"", ""Freight forwarder""]",ed10ccf2-a885-4823-9baa-758ee5f0f8f0,2026-01-07T13:25:55.520352,2026-04-12T23:49:46.099037,f38566f5-a27f-48ef-a61c-8e30aebf922a,8b5036a5-dddf-4643-84b5-739ce2793404
cf161da4-fd35-4bf3-b634-0508c0b0eaf1,EMP0789,0a6d6ba7-39cd-4e94-a827-e52021b22af4,4c23bea9-bb9e-4064-83d9-a54f94a01185,708822ca-1b5c-4078-9c1f-5e5a0f2dec6c,ADMIN,INACTIVE,12,29,False,True,True,True,False,False,True,4.55,32,e1056b7d-3e0e-4f10-9deb-991fd18784cf,"[""Financial controller"", ""Prison officer""]",f88bc3dc-3cd8-4888-a3df-794e29f7b928,2025-11-19T10:55:07.297928,2026-04-12T23:49:46.099070,674505ae-fcc9-4152-b3d5-a43a1f504d46,54280e60-6de3-4876-82e5-4fd49cd50b3b
3e353465-8813-4cdb-afde-c6f071b126bc,EMP8775,f9e9a73e-c4ea-4761-8386-85c0b04e37dd,3dd270ee-41ef-47ed-98c8-22b2af21b4aa,0f705c03-8304-47ff-a465-2370b3707e0a,USER,INACTIVE,19,22,True,False,True,False,True,False,True,2.31,34,6c3598ea-624c-4a7e-aa51-8d66fe809b73,"[""Designer, textile"", ""Engineer, aeronautical""]",10459a4d-7aaf-4c65-94ea-75c4522bb49a,2025-11-25T07:36:57.393336,2026-04-12T23:49:46.099105,77495ae7-a72b-4880-9f3c-0be4f4b35046,bce40d19-348c-46f4-9c9a-2d82b211e7fa
a49bdaf4-6769-4542-a1ea-18e156811784,EMP9636,d866bc3d-5663-402d-a88a-8c4866373d1a,87557121-007b-4e66-9a6e-733b6e2bc363,f5041b0d-1db5-48b0-ba6c-9c4d74557863,USER,INACTIVE,12,22,False,True,True,True,True,True,False,3.78,19,693f8185-97a1-40a8-b149-acc3bd0fe1c1,"[""Systems developer"", ""Clinical embryologist""]",5de01a5e-09d1-46aa-92cd-a0f5b2b9690c,2026-02-02T21:00:09.350249,2026-04-12T23:49:46.099142,0d4831c8-b64a-4c1c-961f-225dbf3e3b08,287ad6e2-3356-49da-b528-65e4971f06cb
185d3049-342f-4a15-b93b-5ac188138752,EMP4544,bbba68ed-4135-4f33-bbf5-c1785d4dcbd7,600ad80b-c837-4db6-b132-5c5f8b995ef6,228ef42e-4999-4525-93e1-507eb44e0780,USER,ACTIVE,34,41,True,False,True,False,True,True,False,3.09,2,7e1a00b3-1364-4932-aebc-5da8247f7ebd,"[""Clinical cytogeneticist"", ""Theatre director""]",755bac28-326c-47f4-b0bb-893df4e3d1fd,2025-10-28T22:27:12.678075,2026-04-12T23:49:46.099176,83d2b2fe-5779-46d5-9280-3c396bfd421a,227037a9-a6b6-437b-930b-01162f8b88e4
6e10f4b2-8cb7-4b74-bcd8-fdb30e2c3647,EMP3857,640e4aee-b065-4bb6-9022-5bbd6a833a47,0709cc65-6c9f-4f4d-8ae3-f0bbc2a2a1a8,fd31db70-8a59-42c2-8b65-61822621a5e2,USER,ACTIVE,9,29,False,False,True,True,True,False,True,1.96,28,95a87682-647c-4f81-bf16-45b22ec85129,"[""Teacher, adult education"", ""Designer, exhibition/display""]",c1643c56-fff2-4613-bd40-1486e58c53d7,2025-10-22T08:19:25.455366,2026-04-12T23:49:46.099213,cce1d781-5a34-4fd9-b440-73ca9b6f357e,3c2f8f77-e3c8-4595-b73d-f163e8a5a16e
7e72365b-8729-4622-94ec-e00a78db8343,EMP6290,83164cb6-ccb6-4db4-a546-0f442e32a3f0,ad31d7e7-9a34-4eb1-8030-317d6d9d1a4d,45eae019-09ff-4bdf-a66b-29414bc4ab00,USER,INACTIVE,25,41,False,True,True,False,False,True,True,1.85,21,18f5e119-9319-4e8b-8e5f-52d62a22c082,"[""Chiropractor"", ""Personnel officer""]",df491649-e5c4-4a59-acb6-06ccacd0d493,2026-01-31T03:21:38.579523,2026-04-12T23:49:46.099248,3966e0bd-74cc-43c9-b4fb-5ab4d6da1d1c,a510607b-1fec-4461-bd10-730fda146f14
cf412f6e-99ce-4b9b-99ac-d3d84793d9d9,EMP5159,368b81b4-59cc-415c-8469-a4ac7d866226,ad31d7e7-9a34-4eb1-8030-317d6d9d1a4d,e6d74143-b91a-4684-bfc5-36b0d6d645fe,ADMIN,INACTIVE,26,43,True,True,True,False,True,True,True,2.11,24,4a5304e1-108d-4408-aa4f-a749f23c9e47,"[""Technical brewer"", ""Interior and spatial designer""]",f0ea25a2-6bf4-4a7b-b191-fac442805f6e,2025-06-12T08:43:13.593683,2026-04-12T23:49:46.099283,aee505a6-4482-4977-9cc6-ec5ecd4330e2,e1c8e83d-9cab-4003-8905-48dafa6d198d
50453db4-7c0c-4c9d-a487-4d88386285a1,EMP4787,a68b9d52-c9a3-4ec7-8c40-3fa12f6a3701,87557121-007b-4e66-9a6e-733b6e2bc363,f829a772-e7f1-4209-bc3f-7417a881d008,USER,INACTIVE,9,28,False,False,True,True,False,False,True,1.92,13,cad3c5b6-e06e-4a28-8e63-3b878c6a77c3,"[""Child psychotherapist"", ""Media planner""]",7ee14e1f-3eb2-43e4-8ffb-c71ecd31769f,2025-12-03T12:31:46.664910,2026-04-12T23:49:46.099320,ac657c78-fdfb-43b6-913d-0d305385bbf6,2f227ddc-d0f5-46e8-935d-bcc06437ee28
00453bcd-4a22-4028-bca6-e9fdeb7cafcf,EMP3331,34172efe-7439-4aa7-94ee-e89fb6fde517,87557121-007b-4e66-9a6e-733b6e2bc363,5eb4f27c-0cb1-4131-b1a4-27d594380048,USER,INACTIVE,7,33,True,True,True,False,True,True,False,4.47,11,10120173-a554-406f-a346-19be3bded68c,"[""Product designer"", ""Teacher, secondary school""]",a2e7a3a6-c11a-4f4a-acdf-eb878798b85b,2026-03-22T08:43:32.229203,2026-04-12T23:49:46.099360,f25e77ca-b070-4718-879d-e414eccdb066,fdf15ba2-9c2d-490d-8d00-3957adedeb08
f38b94cd-78db-4441-9584-79aa1bc7b427,EMP3134,74d6410a-93f7-4f34-9fb5-5d9e3aeee533,ad31d7e7-9a34-4eb1-8030-317d6d9d1a4d,eeec1aed-2fa9-4985-a2f8-10e5ef59e44e,ADMIN,INACTIVE,18,45,False,True,False,False,False,True,False,4.38,22,6a2cde67-9a88-468a-85ba-901998b7414d,"[""Research officer, trade union"", ""Landscape architect""]",154a430c-b1eb-4177-8b21-a12fa3c1e32b,2026-03-06T06:42:31.936539,2026-04-12T23:49:46.099397,e74af655-b510-473c-83db-05d61674873f,d68231be-a477-47ce-b578-f76b7fc8ef3b
9845f541-b19d-4532-b44e-88af99ea0992,EMP1961,d68231be-a477-47ce-b578-f76b7fc8ef3b,1d7e9e8f-40be-49dc-9672-3aa65ee2f0d0,1a4aaf95-fec0-4c96-b6f6-0a8c4db19153,ADMIN,ACTIVE,11,34,True,True,False,False,False,False,False,3.06,34,1d19f91e-d03b-4c85-8530-62d1ed4ab661,"[""Psychologist, forensic"", ""Museum education officer""]",7ae47a6b-a660-4e29-97ec-b87c7c946ffa,2025-08-22T12:32:19.144850,2026-04-12T23:49:46.099433,919f1991-722b-4be8-aab7-286444296fef,27851661-31b0-4632-b38d-48d72fd03d39
e38e8754-d0f5-43f4-a9d6-e7652d4e5ebb,EMP0210,04cfc6ba-1b48-498a-8aae-80a3f313bd06,1d7e9e8f-40be-49dc-9672-3aa65ee2f0d0,1a4aaf95-fec0-4c96-b6f6-0a8c4db19153,ADMIN,ACTIVE,12,31,False,True,False,False,False,False,False,4.33,39,ae91ab96-5168-4006-8283-88e0b2b65043,"[""Advertising account planner"", ""Armed forces logistics/support/administrative officer""]",c1cd79cf-cc4a-4853-8032-aeae9bcb5c6b,2025-06-14T09:39:32.838558,2026-04-12T23:49:46.099469,f4f31b18-7b7c-40b5-9f0d-7761efdd51fe,85176719-918f-40e6-a366-d5afc6f1510a
2942822f-5e01-4fb6-8f1b-6e363e6dfa68,EMP8649,c18b2b02-ec5f-4e0e-9bf1-b7d5ef173929,600ad80b-c837-4db6-b132-5c5f8b995ef6,fcf17790-fd0c-438d-aa1c-79107359b878,MANAGER,ACTIVE,27,37,False,False,True,False,False,False,False,3.9,28,61a44357-a591-4aef-b284-4a1952a92c4a,"[""Surveyor, quantity"", ""Marketing executive""]",aee2b475-ad05-4d1d-945a-d84ba502b7fb,2026-03-03T00:21:15.843616,2026-04-12T23:49:46.099504,a6013202-7948-4b6e-a773-31352f63b3b9,4e1b0fa4-6613-413f-857b-07c36a650757
c4dffce2-4739-42a9-bebd-d43a31e8fe91,EMP8700,73a2691f-34ae-4aba-a78e-c7f38a1bc131,62aab707-f2c5-4283-86fb-7bdb83f4ac9b,f97ff6b4-1157-4259-a2fd-e4005964660d,ADMIN,ACTIVE,11,28,True,True,False,False,False,True,True,2.08,6,cfa9d9ed-ade7-405d-805e-95567e34975c,"[""Make"", ""Community arts worker""]",8515e112-dc85-426a-a671-9bce32a079ec,2025-12-01T05:28:17.711232,2026-04-12T23:49:46.099538,16a2ff4a-bf83-490e-b90c-cdb1ad04c58c,6d9bea62-b79c-4349-8d8f-53dec18e5a66
4dc48a55-7471-4397-a99a-c4337b433ee3,EMP5380,0e4fd774-869e-4598-a006-6a5f8a2d1b02,0709cc65-6c9f-4f4d-8ae3-f0bbc2a2a1a8,8290ede2-7544-4122-abf3-721f0ec7b356,MANAGER,ACTIVE,9,30,False,False,False,True,False,False,False,4.17,8,7f83a1d1-40ae-46c7-a74f-7294129c8908,"[""Pharmacist, community"", ""Engineer, automotive""]",945c8a58-f66c-4c95-a6bd-fa9d0165b4b2,2025-05-17T15:40:15.494058,2026-04-12T23:49:46.099572,0ebd3f33-ad25-4309-87d6-4e9320007e27,333f54ca-ae1a-4123-87cd-3ccd4890bc60
d90d3e54-e938-4e6f-859c-3259d4e78964,EMP0537,13679015-65f5-4296-9347-809cef878749,9deb59e9-2b41-4fa0-b272-fa2b3dc749de,8f1b4b3c-3d22-4757-9bbc-064d51414002,ADMIN,ACTIVE,10,40,True,True,False,False,True,False,True,2.3,3,2ce07fbf-d89e-4ef4-b805-c0fd37836537,"[""Music therapist"", ""Therapist, sports""]",8beec690-cbdf-4268-8b10-076fd87f181a,2025-06-27T19:02:49.687335,2026-04-12T23:49:46.099607,6db0b9ff-6411-431f-81e4-4daf6298898b,251bc61a-e2aa-433a-85f0-70760e25b8bd
1ddb3108-108a-4af7-be0b-c1ca6602edbc,EMP8792,d1be9a35-2cef-4a06-b125-4dd547c3aed9,1d7e9e8f-40be-49dc-9672-3aa65ee2f0d0,bf2f9796-2c82-4dcd-8d50-6d4942320162,ADMIN,INACTIVE,14,31,False,False,False,False,True,True,False,2.5,0,5d6a419c-9374-4f74-86f7-6e84e172699c,"[""Research scientist (medical)"", ""Historic buildings inspector/conservation officer""]",e892dde4-bd09-492c-8708-bdb36d55aa0e,2025-12-15T11:32:35.339220,2026-04-12T23:49:46.099643,facafec8-e06b-42d8-93d6-b3a95b415560,994dab97-b472-47f6-a8d2-1bfe24905c42
1c7d0ece-cffd-4f0a-b7ac-a498e9ab59b8,EMP6226,26a9e7ca-ac67-4d23-93ee-03fd6733a400,4c23bea9-bb9e-4064-83d9-a54f94a01185,8d8fb2cf-f5b5-4a89-8db7-1aefd54286af,ADMIN,ACTIVE,8,35,False,True,False,False,True,False,False,1.14,22,2340e668-884c-457b-bceb-44cd7226b56d,"[""Scientist, biomedical"", ""Tree surgeon""]",158ac938-2024-40b0-a3a2-a9e780f9d1cc,2025-10-03T12:11:49.584556,2026-04-12T23:49:46.099679,d6b7980b-7404-42f5-9056-d231c64ee71d,2cb9c80d-1b54-4dbc-bb6b-354d0ba81b9d
c3de222f-94d4-4332-952d-dc57bb9b89d9,EMP3115,7fd0ce04-4057-4a42-8b77-07b312c0c9fb,1d7e9e8f-40be-49dc-9672-3aa65ee2f0d0,1a4aaf95-fec0-4c96-b6f6-0a8c4db19153,USER,ACTIVE,8,33,False,True,False,False,True,True,True,1.5,36,26091e33-a6b2-46fb-98c1-c302e929a789,"[""Development worker, community"", ""Gaffer""]",7453c838-4c9c-42be-9156-f2b61fbf458c,2026-01-15T05:00:12.839717,2026-04-12T23:49:46.099714,2eb39a37-5399-4a8b-8c3f-73927ee85a29,cabbe7b4-b81d-4736-9f81-1301575d7927
bf48344e-afe8-40b4-a5ee-4103e3e6b4e7,EMP3872,5ee18a90-0300-4948-bd6b-757e83308b17,f1c4b27c-6e22-48a1-a23c-8d646460dcc9,63cffcfe-a6fd-4799-b911-4cab0b02a12d,USER,ACTIVE,7,22,True,False,True,True,True,True,False,3.88,36,aa336684-3563-429e-9b42-09a0d9b37f89,"[""Agricultural engineer"", ""Producer, television/film/video""]",52f63bd7-1334-41e3-b557-a3ee2297ad07,2025-08-09T12:26:44.120517,2026-04-12T23:49:46.099749,b60154c1-4358-4c78-ad54-4db09ab66239,3992f72c-64d2-4f8d-9f3c-bbdb811d606b
56b4ed2d-4f5a-4f4e-9bbf-59a23eea2561,EMP9314,e5452937-5af8-4769-ad0b-b094673e6ff8,62aab707-f2c5-4283-86fb-7bdb83f4ac9b,cd8e9af2-d980-4cd9-bf6c-dbae763f4363,MANAGER,ACTIVE,20,15,False,True,False,False,False,False,False,4.2,30,78d14a7b-f604-450f-bdcb-fa04be8946c6,"[""Hydrographic surveyor"", ""Food technologist""]",1e18c20e-171f-4047-a4d1-90be07489158,2025-12-07T16:05:57.537745,2026-04-12T23:49:46.099784,243523cc-2a57-407c-a3fb-b74827e68638,4992bbc1-8ec0-4e5f-8147-288a65d91e6c
d1200002-392f-461e-a21b-d2ca03d1d9d2,EMP4199,e68eb73e-efe5-46f7-a8f2-029968dc68a2,0709cc65-6c9f-4f4d-8ae3-f0bbc2a2a1a8,7da49066-c505-4585-b411-2ca652c723f2,USER,INACTIVE,12,26,True,False,False,True,False,False,False,2.07,7,b6bf5d87-dfc8-4113-85fe-8004aa334696,"[""Mining engineer"", ""Geophysicist/field seismologist""]",705949d6-f450-4332-bfa7-e7106f8aae79,2025-08-06T00:18:52.508236,2026-04-12T23:49:46.099819,a537a7a6-12cb-4aae-a7a3-148b57a803d0,602ea732-24ef-4966-b6bd-3827f828394b
db076389-ab8a-47ac-ae19-1f7607108707,EMP9624,9a26cc28-22f1-44d7-a8c3-3b8d26e49935,0709cc65-6c9f-4f4d-8ae3-f0bbc2a2a1a8,05feb0a4-4f7e-4ed0-a738-4b7fea432c65,ADMIN,INACTIVE,15,27,False,True,False,False,True,False,True,4.28,35,383274e4-2665-481f-9e5f-0c23882284d3,"[""Engineer, electrical"", ""Surgeon""]",154ed185-f282-4d8d-9ebc-921b6a1db889,2025-07-23T06:32:39.627424,2026-04-12T23:49:46.099854,22f2e747-2de3-45cc-a9b8-9248c0d8b07f,930b1d26-f4d3-45c6-9b19-80025d5e0c2c
8c40b059-3b76-4dcc-9224-64077edbe825,EMP9277,133f5995-6997-4552-8c8f-e5cf2a801d1d,0709cc65-6c9f-4f4d-8ae3-f0bbc2a2a1a8,fd31db70-8a59-42c2-8b65-61822621a5e2,ADMIN,ACTIVE,8,29,True,True,False,True,False,False,True,4.41,9,4432bcd2-1ca7-4ca6-8a4b-7c9129885da2,"[""Cabin crew"", ""Marine scientist""]",03cadb60-456d-4337-9524-0601f12871c9,2025-09-24T06:45:14.333872,2026-04-12T23:49:46.099890,43b7888b-f586-4362-a9ec-28685701726b,48d2d2fe-952e-4ae3-a6bc-687428fec5db
9fd8816f-222e-4a67-ad06-3313784169b8,EMP3685,7994b257-c32b-4318-ab15-836694d420b8,3dd270ee-41ef-47ed-98c8-22b2af21b4aa,6ed53d69-bf45-4e14-9478-a6da3190d8b8,USER,ACTIVE,9,34,False,True,True,True,False,False,True,4.31,29,cac002fb-f24d-4948-933f-3d4a122beae8,"[""Accountant, chartered public finance"", ""Producer, television/film/video""]",214a07ea-b7a7-460b-ae9e-59bc34b0a037,2025-05-04T05:25:36.598521,2026-04-12T23:49:46.099926,eeb1333a-73a3-4645-91ec-4629488ca80a,e5ea8228-4c67-484d-8948-6db2def7288a
2f4d0d98-a96b-4264-96f8-442082b7680b,EMP1825,d171c0f9-721f-4e92-9f30-6819ea29ca8f,3dd270ee-41ef-47ed-98c8-22b2af21b4aa,db56ab27-01a4-4267-a950-a44015972728,MANAGER,ACTIVE,8,23,False,True,False,False,True,False,False,3.07,21,bf7f560e-f61e-451b-b6e7-18d475445864,"[""Chartered management accountant"", ""Commissioning editor""]",3ac65207-9c1b-4d9f-9fae-c5fa0337d6c7,2026-01-26T09:42:55.832065,2026-04-12T23:49:46.099961,a0d185e0-0926-4870-ba78-7f3ca9679a65,4bc002a6-6e38-489e-bcea-43793dfbc1f3
a0b71129-3747-42eb-aead-5f5b6902fac5,EMP3186,0defc3cd-1be2-454f-9108-5de284ce71c5,f1c4b27c-6e22-48a1-a23c-8d646460dcc9,5210ca61-deb9-4459-bcd4-ec66b766dfcb,MANAGER,ACTIVE,18,21,True,False,False,False,True,True,False,2.81,13,b212ce76-c437-4367-ba89-b03d38c454c6,"[""Production manager"", ""Conservator, furniture""]",fe82f416-7c20-42d9-ad3d-ef6bec06a6db,2026-04-11T23:26:17.935435,2026-04-12T23:49:46.099995,b3a2d385-0196-4938-ad2b-85e5ff5396b5,193962a6-0783-463a-8dc2-7e21fe2058c4
127aee4e-dab7-4d59-8e15-6f5ab10cf30f,EMP7591,1d2b8da5-d8ea-4eb4-80c6-7bfc8d045b52,ad31d7e7-9a34-4eb1-8030-317d6d9d1a4d,0b04aae0-7eab-4291-9d80-faee15f431a5,ADMIN,ACTIVE,17,44,True,False,False,True,False,False,False,4.12,20,d7438733-60a8-4774-8230-1fe7317dd3b1,"[""Graphic designer"", ""Health physicist""]",93cd3cbf-3a9c-4ef5-9fd8-7d0c22184975,2026-02-09T10:00:18.873840,2026-04-12T23:49:46.100054,3b8c82fa-1ce4-4fe6-80c6-ada5a7e0584e,74d6410a-93f7-4f34-9fb5-5d9e3aeee533
bb4c1e83-fc5b-46da-9734-952ad19f725e,EMP5661,2e2ef9e0-631f-47cb-977a-25e157799ecb,0709cc65-6c9f-4f4d-8ae3-f0bbc2a2a1a8,bcd4cd2b-c751-4022-b937-7fcc16033bd8,ADMIN,INACTIVE,9,40,True,True,False,True,False,True,False,1.98,20,3b5d7762-153a-4b99-8d00-c30e124556c0,"[""Water quality scientist"", ""Orthoptist""]",24278f75-34b0-4f21-8182-cc4b74765d3f,2026-02-01T03:26:51.356984,2026-04-12T23:49:46.100097,1d3fcdc5-faf4-4e2f-8561-32a5ddcb209d,674505ae-fcc9-4152-b3d5-a43a1f504d46
726210bd-0ebe-4e19-ae3d-cf53aa3f601c,EMP7601,fdf15ba2-9c2d-490d-8d00-3957adedeb08,ad31d7e7-9a34-4eb1-8030-317d6d9d1a4d,5344eb52-c63f-497c-ae80-b8c0a944ee8c,MANAGER,INACTIVE,15,43,True,False,True,True,True,False,False,4.67,40,25c1dd88-7e26-4110-acb6-4458730e2932,"[""Learning mentor"", ""Audiological scientist""]",5621b71c-b2cd-43d8-a300-add25582f030,2025-12-30T09:41:11.891443,2026-04-12T23:49:46.100135,71a6246b-f579-48a9-81bf-9a3a573a127c,18e7330f-0bf2-4b1f-b703-56bf403b2aff
eb33c0af-d191-4057-9d0c-ec15127893c3,EMP3401,88bd7e54-cbd8-49b4-a0f9-b81acb1fe7ae,9deb59e9-2b41-4fa0-b272-fa2b3dc749de,45101886-7140-4524-9902-268f3cd3c8a2,ADMIN,ACTIVE,13,28,False,False,False,False,False,True,True,2.34,32,838b4040-cfec-462a-bcc8-dbb0d99a8c2a,"[""Accommodation manager"", ""Electrical engineer""]",d5c82223-2061-4b48-b8af-ccc7fb711587,2025-09-03T00:06:00.583318,2026-04-12T23:49:46.100175,4ceb6f4a-f73a-468f-be2f-380fd371cc07,ebcd6277-35a4-4de5-b790-343801fdb7bb
b560b26d-e5d4-489e-bcf3-88877d42cb92,EMP5576,70e33d56-9345-4701-81e5-6ec27eb8eaf2,87557121-007b-4e66-9a6e-733b6e2bc363,0535fd36-df75-4e4c-ac8f-06eb00985a24,MANAGER,ACTIVE,12,24,True,True,True,True,False,False,True,3.09,12,a082b69c-07a4-4539-b603-0a926df11d49,"[""Industrial buyer"", ""Psychologist, clinical""]",afcb5607-b741-41f6-8f97-7277e420a491,2025-08-25T22:38:44.115218,2026-04-12T23:49:46.100211,7a1621ed-946d-4867-8288-87ec1024d402,33a3de13-8549-4ff4-a95c-7f45446fd8e7
cf2cf2ca-466d-4ea0-84ff-63753252c454,EMP6573,10fd6d80-4313-4149-a69a-fcf08d793a8e,f1c4b27c-6e22-48a1-a23c-8d646460dcc9,a99e06d8-0e03-4949-94f8-e8852e49e697,USER,INACTIVE,7,27,False,False,False,True,True,True,True,4.89,22,3ba3092a-6e40-4f90-a9b4-da80b50cf771,"[""Corporate treasurer"", ""Theatre stage manager""]",8fbb93bb-81c3-44c5-8eb7-673ffb4282fa,2025-12-03T13:26:15.046613,2026-04-12T23:49:46.100247,c22c901f-40e7-41e6-9e59-d6bb268efdf9,d23c3265-d916-4247-8787-83e6cbe5343d
a2042f81-8f32-4b21-8fd1-001e12228315,EMP7410,8a34d163-dee3-4517-bd61-e2569d9cd524,1d7e9e8f-40be-49dc-9672-3aa65ee2f0d0,447b348e-c9c4-4dff-9d68-91f007cf6258,MANAGER,ACTIVE,9,22,True,False,False,False,True,False,False,2.88,2,473dd838-e5b6-44e0-8c8f-3529c12b2228,"[""Leisure centre manager"", ""Accountant, chartered""]",a4aa75d1-899c-4e6e-821b-aeea3986ac9d,2025-09-17T23:34:39.247767,2026-04-12T23:49:46.100284,6ded43ce-1078-41d0-9fe1-9799dc9b33f7,7fe5ca41-d503-46e3-802b-a8c13e09b66c
